feature_set,n_features,MAE,RMSE,MAPE
known_covariates_only,8,2.682377455971616,4.459704507656186,69.11685741077272
full,10,2.73513580688285,4.672768481848807,63.81752048583662
no_time_idx,9,2.789223086231341,4.808673311103445,58.078041019858034
