feature,mean_abs_shap,mean_signed_shap
time_idx,0.3365362,0.3365362
month,0.27178225,0.27178225
sku,0.25486362,-0.042761322
day_of_week,0.05216539,-0.004810087
category,0.03753108,-0.0021215794
base_price,0.019110747,-0.002911886
is_promo_active,0.015998377,0.00895619
day_of_month,0.012256473,-0.0018034573
